City,Country,Lat,Lng,Max Temp,Humidity,Cloudiness,Wind Speed,Current Description
Rikitea,PF,-23.1203,-134.9692,25.28,75,8,5.26,clear sky
Tuktoyaktuk,CA,69.4541,-133.0374,-20.0,77,100,1.03,light snow
Patacamaya,BO,-17.2333,-67.9167,15.05,12,0,2.22,clear sky
Schleswig,DE,54.5167,9.55,6.01,95,100,9.26,heavy intensity rain
Ushuaia,AR,-54.8,-68.3,9.81,57,75,5.14,broken clouds
Mujiayingzi,CN,42.1167,118.7833,-15.04,33,0,4.44,clear sky
Hermanus,ZA,-34.4187,19.2345,24.89,68,9,7.1,clear sky
Codrington,AU,-38.2667,141.9667,15.56,77,85,7.58,overcast clouds
Jamestown,US,42.097,-79.2353,-6.66,97,100,4.47,mist
Kapaa,US,22.0752,-159.319,18.99,82,0,2.57,clear sky
Hilo,US,19.7297,-155.09,20.14,76,100,4.63,overcast clouds
Lebu,CL,-37.6167,-73.65,16.12,66,100,7.14,overcast clouds
Busselton,AU,-33.65,115.3333,16.83,52,2,7.62,clear sky
Bosobolo,CD,4.1833,19.9,33.47,22,32,1.11,scattered clouds
Albany,US,42.6001,-73.9662,-2.29,78,66,1.34,broken clouds
Toktogul,KG,41.8708,72.9402,-14.81,61,0,1.18,clear sky
Castro,BR,-24.7911,-50.0119,20.89,86,99,2.7,overcast clouds
Torbay,CA,47.6666,-52.7314,12.43,89,100,13.89,light rain
Narsaq,GL,60.9167,-46.05,-8.88,83,100,2.46,overcast clouds
Upernavik,GL,72.7868,-56.1549,-16.96,65,100,2.09,overcast clouds
Mataura,NZ,-46.1927,168.8643,8.82,99,17,1.06,few clouds
Butaritari,KI,3.0707,172.7902,26.77,79,100,5.26,light rain
Saldanha,ZA,-33.0117,17.9442,25.03,77,19,12.77,few clouds
Vaini,TO,-21.2,-175.2,25.09,100,20,0.51,light rain
Georgetown,MY,5.4112,100.3354,27.96,92,20,1.54,few clouds
Sorong,ID,-0.8833,131.25,27.14,79,100,1.31,overcast clouds
Popondetta,PG,-8.7537,148.2534,23.37,97,100,1.39,light rain
Okhotsk,RU,59.3833,143.3,-34.77,86,86,4.7,overcast clouds
Avarua,CK,-21.2078,-159.775,19.03,100,75,0.51,broken clouds
Eureka,US,40.8021,-124.1637,10.66,94,100,1.34,overcast clouds
Airai,TL,-8.9266,125.4092,16.23,86,100,0.68,overcast clouds
Atuona,PF,-9.8,-139.0333,25.39,75,97,4.44,overcast clouds
Luau,AO,-10.7073,22.2247,21.58,90,95,1.82,light rain
Lompoc,US,34.6391,-120.4579,14.18,96,100,3.6,mist
Provideniya,RU,64.3833,-173.3,-17.0,95,80,5.46,broken clouds
Smithers,CA,54.7804,-127.1743,0.18,100,100,0.0,overcast clouds
Hobart,AU,-42.8794,147.3294,19.92,77,60,3.6,broken clouds
Qaanaaq,GL,77.484,-69.3632,-16.42,68,100,3.69,overcast clouds
Tongzhou,CN,39.9053,116.5994,-6.94,27,0,6.0,clear sky
Berlevag,NO,70.8578,29.0864,-3.03,74,40,1.54,scattered clouds
Esperance,AU,-33.8667,121.9,14.15,70,2,4.87,clear sky
Bluff,NZ,-46.6,168.3333,11.22,82,9,2.23,clear sky
Hithadhoo,MV,-0.6,73.0833,27.03,66,37,5.78,scattered clouds
Havoysund,NO,70.9963,24.6622,-0.87,67,100,11.42,light snow
Luderitz,NA,-26.6481,15.1594,23.03,62,0,12.16,clear sky
Luanda,AO,-8.8368,13.2343,30.0,66,20,5.66,few clouds
Panaba,MX,21.2833,-88.2667,21.42,50,79,4.77,broken clouds
Tasiilaq,GL,65.6145,-37.6368,-10.84,55,100,8.87,overcast clouds
Nador,MA,35.174,-2.9287,19.04,67,0,2.06,clear sky
Geraldton,AU,-28.7667,114.6,22.23,78,0,6.69,clear sky
Hasaki,JP,35.7333,140.8333,8.22,78,99,10.58,overcast clouds
Rivadavia,AR,-33.1905,-68.4608,32.69,18,2,6.6,clear sky
Padang,ID,-0.9492,100.3543,25.03,87,100,1.01,light rain
Carnarvon,AU,-24.8667,113.6333,24.25,78,0,11.08,clear sky
Kindu,CD,-2.95,25.95,24.27,85,72,0.52,light rain
Camopi,GF,3.1655,-52.3158,24.31,96,100,1.31,overcast clouds
Tuatapere,NZ,-46.1333,167.6833,10.26,86,7,1.53,clear sky
Tocopilla,CL,-22.092,-70.1979,22.65,68,2,2.84,clear sky
Dikson,RU,73.5069,80.5464,-36.93,93,17,1.93,few clouds
Dawlatabad,AF,36.4141,64.9053,-16.31,97,12,1.04,few clouds
Mackay,AU,-21.15,149.2,22.6,90,100,8.96,light rain
Tiksi,RU,71.6872,128.8694,-37.96,97,96,1.88,overcast clouds
Faanui,PF,-16.4833,-151.75,24.68,86,100,4.56,moderate rain
Ngorongoro,TZ,-3.2397,35.4875,15.03,63,88,0.22,overcast clouds
Sibolga,ID,1.7427,98.7792,24.75,89,100,0.86,light rain
Charlestown,AU,-32.95,151.6667,21.52,80,7,0.89,clear sky
Cherskiy,RU,68.75,161.3,-37.46,98,100,0.63,overcast clouds
Katangli,RU,51.7102,143.2326,-34.73,90,4,3.79,clear sky
Shieli,KZ,44.1667,66.75,-8.14,45,0,5.42,clear sky
Lithakia,GR,37.7167,20.8333,12.65,69,19,1.66,few clouds
Bandarbeyla,SO,9.4942,50.8122,24.64,75,66,8.76,light rain
Saint-Philippe,RE,-21.3585,55.7679,27.77,76,41,4.72,scattered clouds
Mahebourg,MU,-20.4081,57.7,27.16,69,75,4.63,broken clouds
Belmonte,BR,-15.8631,-38.8828,28.66,64,15,4.2,few clouds
Auki,SB,-8.7676,160.7034,24.1,93,100,2.63,overcast clouds
Fairbanks,US,64.8378,-147.7164,-26.02,78,0,0.0,clear sky
Harnosand,SE,62.6323,17.9379,-3.0,88,100,2.4,overcast clouds
Hambantota,LK,6.1241,81.1185,26.19,94,20,1.54,few clouds
Aswan,EG,24.0934,32.907,20.61,30,0,3.09,clear sky
Sohag,EG,26.557,31.6948,19.16,44,2,3.33,clear sky
Yellowknife,CA,62.456,-114.3525,-20.25,84,100,5.66,light snow
Barrow,US,71.2906,-156.7887,-19.99,84,100,8.75,snow
Khatanga,RU,71.9667,102.5,-46.27,100,96,1.13,overcast clouds
Kodiak,US,57.79,-152.4072,3.73,93,100,7.2,moderate rain
Utinga,BR,-5.8172,-35.3954,31.47,55,40,7.72,scattered clouds
Abha,SA,18.2164,42.5053,14.9,72,20,4.12,few clouds
Dharchula,IN,29.85,80.5333,7.65,41,9,3.44,clear sky
Mapiripan,CO,2.8892,-72.1256,29.89,57,99,3.36,overcast clouds
Hailar,CN,49.2,119.7,-30.15,97,57,3.4,broken clouds
Miyako,JP,39.6367,141.9525,4.85,92,100,3.77,overcast clouds
Ovalle,CL,-30.5983,-71.2003,27.1,39,0,2.82,clear sky
Thompson,CA,55.7435,-97.8558,-23.91,77,75,2.57,broken clouds
Senanga,ZM,-16.1167,23.2667,25.61,58,46,2.24,scattered clouds
Fortuna,US,40.5982,-124.1573,10.51,88,100,6.69,overcast clouds
Preston,GB,53.7667,-2.7167,7.72,77,69,10.85,broken clouds
Laguna,US,38.421,-121.4238,12.64,94,100,8.23,mist
Iqaluit,CA,63.7506,-68.5145,-21.15,77,100,6.17,light snow
Linxia,CN,35.6003,103.2064,-10.89,69,100,0.88,overcast clouds
Matamoros,MX,25.5333,-103.25,14.24,25,0,1.27,clear sky
Bengkulu,ID,-3.8004,102.2655,24.76,85,91,1.48,overcast clouds
Manubul,PH,5.4732,120.7986,27.51,80,100,8.07,overcast clouds
Sisimiut,GL,66.9395,-53.6735,-11.83,64,100,5.58,overcast clouds
Baykit,RU,61.67,96.37,-33.65,99,100,1.04,overcast clouds
Doha,QA,25.2867,51.5333,18.99,82,75,4.12,broken clouds
Mago,RU,53.2514,140.1822,-39.06,100,54,1.07,broken clouds
Klaksvik,FO,62.2266,-6.589,0.51,94,100,15.65,light snow
Gamba,GA,-2.65,10.0,27.58,70,78,3.4,broken clouds
Talnakh,RU,69.4865,88.3972,-38.45,86,61,1.8,broken clouds
Palmer,US,42.1584,-72.3287,0.83,75,100,6.69,overcast clouds
Pamanukan,ID,-6.2842,107.8106,24.56,89,100,1.09,overcast clouds
Jiayuguan,CN,39.8167,98.3,-15.2,83,23,1.89,few clouds
Grenfell,AU,-33.9,148.1667,21.28,42,50,2.89,scattered clouds
Bambanglipuro,ID,-7.95,110.2833,25.92,79,100,2.99,overcast clouds
Pandan,PH,14.0453,124.1694,24.14,97,100,3.13,moderate rain
Arlit,NE,18.7369,7.3853,26.29,11,67,1.93,broken clouds
Roald,NO,62.5833,6.1333,1.29,80,0,6.17,clear sky
Vagur,FO,61.4732,-6.8119,3.15,93,100,17.57,light rain
Aleksandrovskoye,RU,44.7142,43.0008,-0.49,97,93,4.02,overcast clouds
Marienburg,PL,54.0359,19.0266,6.6,78,85,6.5,overcast clouds
Lagoa,PT,39.05,-27.9833,12.48,64,93,13.24,overcast clouds
Kavieng,PG,-2.5744,150.7967,27.69,77,100,4.24,light rain
Kruisfontein,ZA,-34.0033,24.7314,22.16,57,7,3.8,clear sky
Voh,NC,-20.9667,164.7,23.22,83,17,2.41,few clouds
San-Pedro,CI,4.7485,-6.6363,29.38,64,9,4.53,clear sky
Hamakita,JP,34.8,137.7833,13.24,86,80,3.02,broken clouds
Olafsvik,IS,64.8945,-23.7142,-3.91,63,31,7.83,scattered clouds
Marapanim,BR,-0.7175,-47.6997,29.06,69,100,2.41,overcast clouds
Saint-Paul,RE,-21.0096,55.2707,28.06,77,96,1.07,overcast clouds
Dharmanagar,IN,24.3667,92.1667,15.63,62,3,0.89,clear sky
Dunedin,NZ,-45.8742,170.5036,14.33,82,30,1.79,scattered clouds
Bawku,GH,11.0616,-0.2417,32.36,9,43,2.79,scattered clouds
Hualmay,PE,-11.0964,-77.6139,23.24,69,42,3.37,scattered clouds
Montrose,US,38.4166,-108.2673,-0.86,65,99,1.22,overcast clouds
Caravelas,BR,-17.7125,-39.2481,29.91,56,9,5.19,clear sky
Saeby,DK,57.3319,10.5225,4.98,91,100,9.25,light rain
Ucluelet,CA,48.9329,-125.5528,8.94,94,100,4.87,light rain
Nakamura,JP,32.9833,132.9333,14.18,97,64,1.88,broken clouds
Cabra,ES,37.4725,-4.4421,13.44,52,55,2.22,broken clouds
Whitianga,NZ,-36.8333,175.7,16.62,81,100,4.74,overcast clouds
Bredasdorp,ZA,-34.5322,20.0403,22.12,62,59,6.05,broken clouds
Tura,IN,25.5198,90.2201,15.26,56,31,0.83,scattered clouds
Roma,US,43.2128,-75.4557,-4.79,78,56,3.13,broken clouds
Abalak,RU,58.1286,68.5944,-10.12,93,99,4.2,overcast clouds
Chuy,UY,-33.6971,-53.4616,27.84,32,8,4.69,clear sky
Namtsy,RU,62.7161,129.6658,-54.49,98,90,1.69,overcast clouds
Olonets,RU,60.9847,32.9698,0.62,98,100,5.21,light snow
Kralendijk,BQ,12.15,-68.2667,28.99,65,40,6.69,scattered clouds
Nikolskoye,RU,59.7035,30.7861,1.94,96,100,5.01,overcast clouds
Asau,RO,46.4333,26.4,-0.4,93,68,0.62,broken clouds
Waipawa,NZ,-41.4122,175.5153,11.94,73,78,1.58,broken clouds
Grand-Lahou,CI,5.1367,-5.0242,29.05,65,28,5.13,scattered clouds
Lindi,TZ,-10.0,39.7167,26.22,82,100,2.43,overcast clouds
Ketchikan,US,55.3422,-131.6461,7.26,87,100,3.6,light rain
Kutum,SD,14.2,24.6667,21.51,16,6,3.33,clear sky
Strezhevoy,RU,60.7333,77.5889,-10.89,96,100,2.93,overcast clouds
Zabol,AF,32.25,67.25,-6.03,61,0,0.87,clear sky
Wanning,CN,18.8003,110.3967,21.68,92,0,2.84,clear sky
Yar-Sale,RU,66.8333,70.8333,-26.74,100,73,2.36,broken clouds
Yulara,AU,-25.2406,130.9889,28.32,36,84,11.36,broken clouds
Pingliang,CN,35.5392,106.6861,-8.57,37,100,4.61,overcast clouds
Hirara,JP,24.8,125.2833,23.08,86,49,6.31,scattered clouds
Victoria,HK,22.2855,114.1577,22.75,93,26,1.34,scattered clouds
Srednekolymsk,RU,67.45,153.6833,-34.93,99,100,1.63,overcast clouds
Ilulissat,GL,69.2167,-51.1,-13.99,43,75,3.6,broken clouds
Churapcha,RU,62.0025,132.4325,-53.24,100,99,1.41,overcast clouds
Anadyr,RU,64.75,177.4833,-16.72,85,100,8.0,light snow
Kerema,PG,-7.9631,145.7785,25.98,85,100,1.77,overcast clouds
Antsohihy,MG,-14.8796,47.9875,24.74,91,93,2.02,overcast clouds
Saskylakh,RU,71.9167,114.0833,-37.22,99,100,0.86,overcast clouds
Ahuimanu,US,21.4447,-157.8378,19.54,86,5,1.38,clear sky
Dabakala,CI,8.3667,-4.4333,35.95,9,20,1.87,few clouds
Kirya,TZ,-3.9167,37.4833,27.74,41,20,5.34,few clouds
Herat,AF,34.5,62.0,-9.2,62,64,1.17,broken clouds
Villalba,PR,18.1272,-66.4921,28.25,66,11,2.86,few clouds
Daura,NG,11.5538,11.4085,29.18,14,32,3.32,scattered clouds
Oskarshamn,SE,57.2645,16.4484,4.99,75,83,4.0,broken clouds
Chivacoa,VE,10.1603,-68.895,30.57,50,36,1.4,scattered clouds
Sinnamary,GF,5.3833,-52.95,25.61,86,96,5.07,overcast clouds
Maceio,BR,-9.6658,-35.7353,29.69,70,75,7.2,broken clouds
Xining,CN,36.6167,101.7667,-13.57,84,99,1.04,overcast clouds
Ulladulla,AU,-35.35,150.4667,17.46,90,6,3.32,clear sky
Hwange,ZW,-18.3693,26.5019,28.81,47,74,2.3,broken clouds
Sitka,US,57.0531,-135.33,3.97,90,100,3.12,light rain
Kavaratti,IN,10.5669,72.642,27.4,60,83,4.34,broken clouds
Pudozh,RU,61.8099,36.5345,-0.28,97,100,4.83,light snow
Tezu,IN,27.9167,96.1667,14.97,59,97,0.85,overcast clouds
Kiunga,PG,-6.1219,141.2906,24.06,93,100,0.83,overcast clouds
Coruripe,BR,-10.1256,-36.1756,29.66,60,52,5.96,broken clouds
Meulaboh,ID,4.1363,96.1285,24.37,91,100,1.73,moderate rain
Kaitangata,NZ,-46.2817,169.8464,10.08,95,39,1.46,scattered clouds
Yanam,IN,16.7333,82.2167,20.03,82,2,1.47,clear sky
Constantine,DZ,36.365,6.6147,13.67,54,20,2.57,few clouds
Coquimbo,CL,-29.9533,-71.3436,19.85,68,20,4.63,few clouds
Bethel,US,41.3712,-73.414,0.67,73,100,7.2,overcast clouds
Verkhoyansk,RU,67.5447,133.385,-41.16,97,100,0.7,overcast clouds
Hailey,US,43.5196,-114.3153,0.5,100,100,1.54,fog
Wau,SS,7.7029,27.9953,29.97,20,1,2.46,clear sky
Nalut,LY,30.3333,10.85,14.37,39,64,4.63,broken clouds
Lubao,PH,14.9167,120.55,26.84,87,100,0.95,overcast clouds
Pisco,PE,-13.7,-76.2167,22.23,83,0,4.12,clear sky
Salalah,OM,17.0151,54.0924,22.87,73,24,2.97,few clouds
Scarborough,GB,54.2797,-0.4044,5.51,78,75,5.36,broken clouds
Beloha,MG,-25.1667,45.05,25.49,76,2,8.12,clear sky
Terney,RU,45.0503,136.6092,-18.51,77,77,5.4,broken clouds
Ellisras,ZA,-23.6649,27.7443,31.71,31,3,5.58,clear sky
Cidreira,BR,-30.1811,-50.2056,26.84,64,74,5.86,broken clouds
Ancud,CL,-41.8697,-73.8203,15.94,71,72,2.92,broken clouds
Longyearbyen,SJ,78.2186,15.6401,-1.09,80,75,11.83,light snow
Karatau,KZ,43.1667,70.4667,-18.61,93,31,1.25,scattered clouds
Constitucion,CL,-35.3333,-72.4167,18.81,62,8,5.01,clear sky
Usogorsk,RU,63.4106,48.6872,-2.81,95,100,4.32,light snow
Vardo,NO,70.3705,31.1107,-3.01,93,100,9.77,overcast clouds
Kysyl-Syr,RU,63.8986,122.7617,-57.58,100,83,1.38,broken clouds
Fairview,US,40.8126,-73.999,1.6,71,100,8.75,overcast clouds
Kahului,US,20.8947,-156.47,19.91,82,8,2.24,clear sky
Mwanga,TZ,-4.8,38.2,24.52,75,61,2.25,broken clouds
Marinette,US,45.1,-87.6307,-4.73,86,100,3.4,overcast clouds
Dongsheng,CN,39.8161,109.9776,-14.34,47,51,7.08,broken clouds
Mehamn,NO,71.0357,27.8492,-3.05,79,88,4.63,snow
Juba,SS,4.8517,31.5825,32.33,22,2,2.11,clear sky
Alihe,CN,50.5667,123.7167,-25.28,91,95,1.29,overcast clouds
Warrnambool,AU,-38.3833,142.4833,15.64,83,85,8.75,overcast clouds
Baghdad,IQ,33.3406,44.4009,12.95,82,75,2.06,shower rain
Husavik,IS,66.0449,-17.3389,-7.26,76,100,1.7,light snow
Ridgeland,US,32.4285,-90.1323,4.28,75,5,2.66,clear sky
Nome,US,64.5011,-165.4064,-16.92,89,100,3.4,overcast clouds
Kedrovyy,RU,56.1667,91.8167,-11.74,92,100,5.87,light snow
Msanga,TZ,-6.05,36.0333,22.87,69,65,2.39,broken clouds
Veraval,IN,20.9,70.3667,19.89,37,0,4.87,clear sky
Kautokeino,NO,69.0125,23.0412,-17.09,97,59,2.83,broken clouds
Soyo,AO,-6.1349,12.3689,27.62,76,82,4.8,broken clouds
Mudon,MM,16.2578,97.7164,19.17,74,0,1.39,clear sky
Whitehorse,CA,60.7161,-135.0538,-12.57,92,100,0.0,light snow
Morros,BR,-9.4467,-46.3003,31.0,47,100,1.21,overcast clouds
Saint-Augustin,CA,51.226,-58.6502,-9.84,69,100,5.71,overcast clouds
Ambilobe,MG,-13.2,49.05,23.89,91,91,0.97,moderate rain
Darien,US,41.752,-87.974,-2.86,80,100,3.09,overcast clouds
Petropavlovsk-Kamchatskiy,RU,53.0452,158.6483,-7.67,63,75,16.0,broken clouds
Sembe,CG,1.6481,14.5806,34.35,20,62,1.32,broken clouds
Ormara,PK,25.2088,64.6357,17.53,22,0,3.67,clear sky
Boyolangu,ID,-8.1181,111.8935,24.61,87,100,1.97,overcast clouds
Mirwah,YE,13.9228,43.9176,20.47,50,14,0.72,few clouds
Cabedelo,BR,-6.9811,-34.8339,31.37,64,77,6.46,broken clouds
Kuching,MY,1.55,110.3333,27.79,83,20,0.45,few clouds
Corinto,GR,37.9407,22.9573,11.05,67,36,1.05,scattered clouds
Egvekinot,RU,66.3167,-179.1667,-21.53,84,61,7.86,broken clouds
Mitsamiouli,KM,-11.3847,43.2844,27.76,71,99,2.51,light rain
Buchanan,LR,5.8808,-10.0467,29.38,63,90,5.52,overcast clouds
Sungaipenuh,ID,-2.0833,101.3833,17.96,98,100,0.33,overcast clouds
Bosilovo,MK,41.4406,22.7278,6.64,76,100,1.99,overcast clouds
Batagay,RU,67.6333,134.6333,-42.25,98,100,0.36,overcast clouds
Emerald,AU,-23.5333,148.1667,19.63,93,100,4.82,overcast clouds
Samarai,PG,-10.6167,150.6667,26.64,82,100,5.35,overcast clouds
Lata,PT,40.1629,-8.3327,13.37,76,100,2.14,overcast clouds
Vostok,RU,46.4856,135.8833,-32.86,98,60,1.85,broken clouds
Marrakesh,MA,31.6315,-8.0083,23.04,28,0,1.54,clear sky
Chute-Aux-Outardes,CA,49.1168,-68.399,-9.01,67,100,4.12,overcast clouds
Concepcion,CL,-36.827,-73.0498,18.89,55,0,4.12,clear sky
Iranshahr,IR,27.2025,60.6848,11.19,16,0,3.09,clear sky
Wattegama,LK,6.7989,81.4808,22.19,84,29,2.21,scattered clouds
Erenhot,CN,43.6475,111.9767,-15.06,79,5,6.76,clear sky
Borogontsy,RU,62.6683,131.1683,-56.76,100,93,1.28,overcast clouds
Axim,GH,4.8699,-2.2405,29.48,62,3,5.29,clear sky
Bonavista,CA,48.6499,-53.1147,4.06,99,100,3.54,moderate rain
Taoudenni,ML,22.6783,-3.9836,26.73,14,0,5.03,clear sky
Myre,NO,69.1036,15.9492,-0.03,68,92,13.53,overcast clouds
Waitara,NZ,-38.925,174.25,15.83,83,5,2.94,clear sky
Lufilufi,WS,-13.8745,-171.5986,25.88,78,79,6.73,light rain
Quelimane,MZ,-17.8786,36.8883,29.97,70,40,4.63,scattered clouds
Fremont,US,37.5483,-121.9886,14.42,94,100,8.23,light rain
Russell,US,32.3502,-85.1999,4.67,52,40,9.26,scattered clouds
Turukhansk,RU,65.8167,87.9833,-36.28,89,80,4.1,broken clouds
Shiyan,CN,32.6475,110.7781,-0.07,65,100,1.76,overcast clouds
Nara,JP,34.6851,135.8049,12.73,33,100,1.84,overcast clouds
Krasnoselkup,RU,65.7,82.4667,-29.65,97,86,4.49,overcast clouds
Dwarka,IN,22.2394,68.9678,20.28,37,0,6.72,clear sky
Polunochnoye,RU,60.8697,60.4153,-8.42,87,67,2.23,broken clouds
Ghanzi,BW,-21.5667,21.7833,28.74,33,94,7.08,overcast clouds
Dubti,ET,11.7361,41.0853,28.49,40,6,5.96,clear sky
Severo-Kurilsk,RU,50.6789,156.125,-5.22,66,99,14.99,light snow
Inowroclaw,PL,52.7989,18.2639,7.73,59,62,6.16,broken clouds
Tarrafal,CV,15.2833,-23.7667,27.44,66,0,6.34,clear sky
Kotelnich,RU,58.3089,48.348,-6.6,93,100,5.47,overcast clouds
Adeje,ES,28.1227,-16.726,22.49,60,20,8.75,few clouds
Banjar,ID,-8.19,114.9675,25.41,90,100,2.01,overcast clouds
Indramayu,ID,-6.3264,108.32,26.59,77,100,1.22,overcast clouds
Sakakah,SA,29.9697,40.2064,9.76,62,0,2.77,clear sky
Denpasar,ID,-8.65,115.2167,25.81,94,75,2.06,broken clouds
Gat,IL,31.61,34.7642,15.38,3,10,2.86,clear sky
Vao,NC,-22.6667,167.4833,24.34,78,28,6.08,scattered clouds
Manzhouli,CN,49.6,117.4333,-27.31,87,100,2.74,overcast clouds
Korla,CN,41.7597,86.1469,-12.06,95,100,1.0,overcast clouds
Brae,GB,60.3964,-1.353,4.93,90,100,12.25,light rain
Ashcroft,CA,50.7165,-121.2859,5.27,100,100,1.33,overcast clouds
Maneadero,MX,31.7167,-116.5667,15.01,54,100,1.0,overcast clouds
Chauk,MM,20.8833,94.8167,19.91,43,0,1.15,clear sky
Benghazi,LY,32.1167,20.0667,16.62,66,87,4.1,overcast clouds
Lehututu,BW,-23.9667,21.8667,33.64,17,9,4.45,clear sky
Urumqi,CN,43.801,87.6005,-24.47,84,15,0.0,mist
Jacareacanga,BR,-6.2222,-57.7528,32.9,49,100,0.94,light rain
Chandbali,IN,20.7833,86.7667,21.01,92,0,2.86,clear sky
Qaqortoq,GL,60.7167,-46.0333,-8.51,91,100,2.79,overcast clouds
Ossora,RU,59.2353,163.0719,-12.32,90,100,3.87,overcast clouds
Xingcheng,CN,40.6167,120.7167,-11.15,35,15,5.81,few clouds
Daru,PG,-9.0763,143.2092,25.19,87,93,1.17,overcast clouds
College,US,64.8569,-147.8028,-26.62,81,94,0.99,overcast clouds
Pokhara,NP,28.2333,83.9833,11.7,41,0,2.56,clear sky
Saint-Joseph,RE,-21.3667,55.6167,27.21,74,47,4.51,scattered clouds
Ostrovnoy,RU,68.0531,39.5131,1.07,88,100,8.65,overcast clouds
Rincon,US,32.296,-81.2354,7.7,42,40,8.75,scattered clouds
Hanna,CA,51.6334,-111.9018,-7.86,91,67,1.34,broken clouds
Chumikan,RU,54.7183,135.315,-29.84,80,15,8.08,few clouds
Manokwari,ID,-0.8667,134.0833,26.34,81,94,1.15,overcast clouds
Labuhan,ID,-6.8844,112.2051,25.71,83,100,2.66,light rain
Koupela,BF,12.1794,-0.3517,30.84,9,50,4.22,scattered clouds
Faya,SA,18.3851,42.4509,12.95,76,96,2.86,overcast clouds
Tigil,RU,57.8,158.6667,-16.96,98,100,1.06,overcast clouds
Aasiaat,GL,68.7098,-52.8699,-19.43,79,100,4.23,overcast clouds
Ilo,PE,-17.6394,-71.3375,23.01,68,3,4.07,clear sky
Chokurdakh,RU,70.6333,147.9167,-32.72,97,100,1.81,overcast clouds
Osakarovka,KZ,50.565,72.5692,-14.95,86,89,7.32,overcast clouds
Bubaque,GW,11.2833,-15.8333,26.03,49,91,3.81,overcast clouds
Pimampiro,EC,0.4,-77.9667,15.32,84,100,1.32,moderate rain
Shakawe,BW,-18.3667,21.85,28.89,36,66,3.47,broken clouds
Isilkul,RU,54.9109,71.2728,-9.26,87,92,7.39,overcast clouds
Kurumkan,RU,54.3,110.3,-24.21,96,96,1.14,overcast clouds
Dingle,PH,10.9995,122.6711,23.48,95,100,1.91,overcast clouds
Yaan,NG,7.3833,8.5667,34.5,12,64,2.22,broken clouds
Bathsheba,BB,13.2167,-59.5167,26.41,72,32,7.51,light rain
Kalmunai,LK,7.4167,81.8167,24.4,80,56,3.87,broken clouds
Kamina,CD,-8.7386,24.9906,20.24,89,92,1.36,light rain
Gazojak,TM,41.1875,61.4036,-7.96,68,0,4.54,clear sky
Sorland,NO,67.667,12.6934,-1.08,57,100,7.39,overcast clouds
Jacqueville,CI,5.2052,-4.4146,27.88,74,21,5.95,few clouds
Saint-Louis,SN,16.3333,-15.0,33.24,6,37,5.67,scattered clouds
Sur,OM,22.5667,59.5289,19.82,50,0,7.14,clear sky
Tiruchchendur,IN,8.4833,78.1167,25.03,72,23,5.45,few clouds
Zhigansk,RU,66.7697,123.3711,-53.0,100,74,1.85,broken clouds
Zeya,RU,53.75,127.2667,-32.89,99,100,0.86,overcast clouds
Muravlenko,RU,63.7898,74.523,-23.35,99,48,3.85,scattered clouds
Orotukan,RU,62.2667,151.7,-34.17,99,100,1.76,overcast clouds
Rezina,MD,47.7492,28.9622,1.26,84,100,0.65,overcast clouds
Usinsk,RU,65.9939,57.5281,-7.66,95,100,7.19,overcast clouds
Lasa,IT,46.6166,10.7002,1.68,80,69,0.98,broken clouds
Natal,BR,-5.795,-35.2094,31.36,62,40,7.72,scattered clouds
Katihar,IN,25.5333,87.5833,16.94,55,0,2.63,clear sky
Leningradskiy,RU,69.3833,178.4167,-30.19,100,64,1.64,broken clouds
Meridian,US,43.6121,-116.3915,7.69,83,100,4.02,overcast clouds
Rovaniemi,FI,66.5,25.7167,-1.33,93,100,2.06,overcast clouds
Tabou,CI,4.423,-7.3528,28.79,68,14,4.78,few clouds
Waitati,NZ,-45.75,170.5667,14.33,82,49,2.27,scattered clouds
Jiuquan,CN,39.7432,98.5174,-14.07,83,16,0.96,few clouds
Pauini,BR,-7.7136,-66.9764,27.31,64,68,2.1,broken clouds
Camacha,PT,33.0833,-16.3333,15.68,63,75,2.57,broken clouds
Nenjiang,CN,49.1833,125.2167,-33.02,98,7,1.78,clear sky
Marica,BR,-22.9194,-42.8186,29.01,72,100,2.78,overcast clouds
Sterlibashevo,RU,53.4376,55.2578,-18.1,87,100,2.97,overcast clouds
Tiznit,MA,29.5833,-9.5,20.51,30,0,4.43,clear sky
Najran,SA,17.4924,44.1277,22.68,34,86,3.23,overcast clouds
Hartselle,US,34.4434,-86.9353,2.68,89,41,4.68,scattered clouds
Mandalgovi,MN,45.7625,106.2708,-19.16,60,0,3.89,clear sky
Athens,GR,37.9795,23.7162,13.99,68,20,2.06,few clouds
Kelvington,CA,52.1667,-103.5343,-8.54,94,100,6.42,overcast clouds
Kondol,RU,52.8189,45.058,-11.52,80,81,5.17,broken clouds
Ahipara,NZ,-35.1667,173.1667,14.69,92,7,2.08,clear sky
Antofagasta,CL,-23.65,-70.4,22.46,68,35,3.91,scattered clouds
Uddiawan,PH,16.5589,121.1512,21.73,90,94,0.62,overcast clouds
Morbach,DE,49.8167,7.1167,7.52,92,75,8.75,light rain
Nanortalik,GL,60.1432,-45.2371,-3.18,74,100,3.76,light snow
Katsuura,JP,35.1333,140.3,13.55,77,99,5.41,overcast clouds
Sabanalarga,CO,10.6296,-74.9206,30.03,58,78,1.74,light rain
Gimli,CA,50.6336,-96.9907,-8.85,96,100,3.28,overcast clouds
Severobaykalsk,RU,55.65,109.3167,-21.54,90,89,2.81,overcast clouds
Duvan,RU,55.695,57.9024,-12.45,77,100,6.29,overcast clouds
Evensk,RU,61.95,159.2333,-12.17,67,100,9.62,overcast clouds
Chodavaram,IN,17.8333,82.95,21.91,81,4,1.46,clear sky
Kholodnyy,RU,62.7167,147.95,-38.8,99,96,1.91,overcast clouds
Shimoda,JP,34.6667,138.95,12.84,86,95,4.26,overcast clouds
Zavyalovo,RU,54.5053,82.4484,-10.16,86,100,10.82,overcast clouds
Longonjo,AO,-12.9067,15.2533,21.07,86,98,1.46,moderate rain
Fruitvale,US,39.0817,-108.4968,1.96,93,40,0.0,scattered clouds
Velsk,RU,61.0701,42.0983,-2.67,93,100,5.07,light snow
Yumen,CN,40.2833,97.2,-15.25,85,32,6.52,scattered clouds
Miraflores,MX,19.2167,-98.8083,13.32,39,0,1.19,clear sky
Maragogi,BR,-9.0122,-35.2225,28.28,68,30,5.51,scattered clouds
Tucuman,AR,-26.8241,-65.2226,31.6,28,0,2.57,clear sky
Balkhash,KZ,46.844,74.9804,-20.51,94,52,0.72,broken clouds
Edd,ER,13.9297,41.6925,29.19,50,10,10.38,clear sky
Chupa,RU,66.27,33.0549,1.37,97,100,4.33,overcast clouds
Kalaiya,NP,27.0327,85.0022,15.21,66,0,3.13,clear sky
Ugoofaaru,MV,5.6667,73.0,26.65,70,89,3.77,overcast clouds
Kenora,CA,49.8167,-94.4337,-9.01,85,99,4.02,overcast clouds
Baft,IR,29.234,56.6057,2.73,55,2,2.2,clear sky
Tahoua,NE,14.8888,5.2692,28.15,9,75,6.32,broken clouds
Lorengau,PG,-2.0226,147.2712,27.63,78,100,3.88,overcast clouds
Zharkent,KZ,44.1628,80.0,-20.87,82,1,1.64,clear sky
Moerai,PF,-22.4333,-151.3333,25.32,86,100,11.54,moderate rain
Sayyan,YE,15.1718,44.3244,15.33,49,36,0.68,scattered clouds
Tatishchevo,RU,51.6703,45.5953,-11.96,92,19,3.51,few clouds
Tongzi,CN,28.7829,105.0877,2.67,97,100,1.76,overcast clouds
Pavlovsk,RU,50.4578,40.1081,-5.84,90,92,5.64,overcast clouds
Balakovo,RU,52.0278,47.8007,-14.39,91,13,1.95,few clouds
Oistins,BB,13.0667,-59.5333,25.89,73,38,7.12,light rain
Lethem,GY,3.3803,-59.7968,29.87,54,67,4.51,broken clouds
Westport,US,41.1415,-73.3579,1.88,71,100,5.14,overcast clouds
Karacabey,TR,40.2152,28.4038,9.21,82,88,2.15,overcast clouds
Divo,CI,5.8397,-5.36,35.68,22,31,1.85,scattered clouds
Moron,AR,-34.6534,-58.6198,33.34,21,0,0.9,clear sky
Curry,US,34.9528,-103.2519,8.44,24,100,9.29,overcast clouds
Buritis,BR,-15.6178,-46.4233,26.22,77,99,0.84,overcast clouds
Diez,DE,50.3667,8.0167,10.25,85,100,8.01,overcast clouds
Lisakovsk,KZ,52.5369,62.4936,-11.68,72,31,6.3,scattered clouds
Yerbogachen,RU,61.2767,108.0108,-50.77,100,72,0.29,broken clouds
Kibala,TD,9.1104,18.3463,33.32,13,36,1.13,scattered clouds
Pochutla,MX,15.7432,-96.4661,28.23,41,1,1.65,clear sky
Albanel,CA,48.8832,-72.4487,-11.54,64,5,2.7,clear sky
Gramoteino,RU,54.5368,86.3839,-12.47,92,100,8.67,snow
Ventspils,LV,57.3894,21.5606,5.96,93,100,8.75,overcast clouds
Jeremoabo,BR,-10.075,-38.4808,35.11,28,83,5.27,broken clouds
Zlotoryja,PL,51.1264,15.9198,5.53,61,86,4.94,overcast clouds
Rawson,AR,-43.3002,-65.1023,21.27,47,25,10.48,scattered clouds
Bara,NG,10.3744,10.7288,31.26,12,26,3.38,scattered clouds
Palekh,RU,56.8028,41.8572,-4.05,92,100,5.42,overcast clouds
Tabuk,PH,17.4189,121.4443,21.54,90,38,1.19,scattered clouds
Gairatganj,IN,23.4202,78.2385,14.18,46,0,2.41,clear sky
Kieta,PG,-6.2167,155.6333,24.5,92,100,2.82,moderate rain
Koslan,RU,63.4564,48.8989,-3.01,95,100,4.27,light snow
Sulangan,PH,11.1373,123.7228,25.38,88,100,5.58,overcast clouds
Pyinmana,MM,19.7333,96.2167,16.94,48,0,1.18,clear sky
Gudari,IN,19.35,83.7833,19.09,57,0,0.63,clear sky
Pevek,RU,69.7008,170.3133,-31.33,98,16,0.96,few clouds
Sirjan,IR,29.452,55.6814,6.04,51,3,1.05,clear sky
Ottumwa,US,41.02,-92.4113,-1.7,85,0,4.12,clear sky
Atambua,ID,-9.1061,124.8925,23.84,86,100,0.35,overcast clouds
Souillac,MU,-20.5167,57.5167,25.56,75,100,5.1,overcast clouds
Tahta,EG,26.7693,31.5021,16.35,44,7,2.99,clear sky
Champerico,GT,14.3,-91.9167,29.3,58,3,1.74,clear sky
Gotsu,JP,35.0,132.2167,10.85,87,100,5.35,overcast clouds
Namibe,AO,-15.1961,12.1522,25.51,70,18,6.27,few clouds
Beziers,FR,43.3476,3.219,12.96,76,0,1.54,clear sky
Beringovskiy,RU,63.05,179.3167,-21.18,96,100,6.72,overcast clouds
Honiara,SB,-9.4333,159.95,24.24,96,100,2.9,overcast clouds
Maldonado,UY,-34.6667,-54.9167,25.13,20,0,6.76,clear sky
Akhaldaba,GE,41.654,42.1516,5.31,72,100,2.74,overcast clouds
Anjiang,CN,27.3194,110.1031,3.05,90,100,3.24,overcast clouds
Basco,PH,20.4487,121.9702,25.6,81,99,6.06,overcast clouds
Beidao,CN,34.5686,105.8933,-5.5,55,100,3.39,overcast clouds
Morondava,MG,-20.2833,44.2833,28.47,71,100,2.24,light rain
Linjiang,CN,41.8069,126.9078,-18.66,96,58,0.94,broken clouds
Nichinan,JP,31.6,131.3667,17.35,93,99,1.54,overcast clouds
Kapit,MY,2.0167,112.9333,22.71,99,100,0.14,overcast clouds
Tooele,US,40.5308,-112.2983,6.09,66,100,3.04,overcast clouds
Agirish,RU,61.9247,63.0231,-10.89,93,18,2.63,few clouds
Jutai,BR,-5.1833,-68.9,27.55,70,100,1.0,overcast clouds
Rocha,UY,-34.4833,-54.3333,29.41,24,0,6.99,clear sky
Mogadishu,SO,2.0371,45.3438,25.68,82,28,9.74,scattered clouds
Toamasina,MG,-18.1667,49.3833,24.87,88,99,3.67,moderate rain
Buala,SB,-8.145,159.5921,24.1,91,100,1.41,moderate rain
Bousso,TD,10.4795,16.7117,31.93,14,77,2.59,broken clouds
Kokopo,PG,-4.352,152.2633,25.36,82,100,2.48,overcast clouds
Altamira,BR,-3.2033,-52.2064,23.16,99,100,1.22,light rain
Narodychi,UA,51.2029,29.0823,0.9,97,100,2.16,overcast clouds
Muzhi,RU,65.3667,64.6667,-10.68,91,96,3.19,overcast clouds
Baependi,BR,-21.9589,-44.89,25.64,72,99,2.26,overcast clouds
Atar,MR,20.5169,-13.0499,28.65,10,0,7.17,clear sky
Rzhyshchiv,UA,49.9689,31.0463,-0.6,83,100,2.78,overcast clouds
Jalu,LY,29.0331,21.5482,15.49,45,82,3.3,broken clouds
Machico,PT,32.7,-16.7667,18.4,73,75,2.06,broken clouds
Ayan,RU,56.45,138.1667,-31.1,63,10,7.7,clear sky
Mangrol,IN,21.1167,70.1167,19.43,38,1,5.32,clear sky
Darnah,LY,32.767,22.6367,15.12,65,100,4.89,overcast clouds
Palmeira,BR,-25.4294,-50.0064,23.86,70,91,3.91,overcast clouds
Alofi,NU,-19.0595,-169.9187,25.29,74,96,2.8,overcast clouds
Georgiyevka,KZ,43.0369,74.7114,-22.98,84,4,1.0,fog
Kefamenanu,ID,-9.4467,124.4781,22.56,90,99,1.11,overcast clouds
Pangkalanbuun,ID,-2.6833,111.6167,23.79,94,99,1.46,light rain
Kapoeta,SS,4.7717,33.5903,31.79,16,0,6.26,clear sky
Sechura,PE,-5.5569,-80.8222,26.26,52,27,2.38,scattered clouds
Togur,RU,58.3631,82.8265,-10.46,95,100,3.78,light snow
Aklavik,CA,68.2191,-135.0107,-24.24,97,100,2.39,overcast clouds
Grindavik,IS,63.8424,-22.4338,-5.74,58,0,3.09,clear sky
Bambari,CF,5.768,20.6757,35.01,14,9,1.47,clear sky
Lakshmipur,BD,22.95,90.8333,19.6,76,10,2.06,clear sky
Leshukonskoye,RU,64.8989,45.7622,-1.95,94,100,4.15,overcast clouds
Bairiki,KI,1.3292,172.9752,27.0,83,40,3.6,scattered clouds
Betsiamites,CA,48.9413,-68.646,-6.78,67,100,4.21,overcast clouds
Pali,IN,25.7667,73.3333,11.66,19,0,3.86,clear sky
Kimbe,PG,-5.5502,150.1429,25.35,89,100,0.14,overcast clouds
Yining,CN,29.0361,114.5636,2.63,85,100,2.91,overcast clouds
Calama,CL,-22.4667,-68.9333,23.27,10,0,6.17,clear sky
Vaitape,PF,-16.5167,-151.75,24.56,86,100,4.39,moderate rain
Baherden,TM,38.4362,57.4316,-5.83,64,11,6.1,few clouds
Awjilah,LY,29.1081,21.2869,15.42,48,88,3.43,overcast clouds
Trinidad,BO,-14.8333,-64.9,24.65,87,100,1.75,overcast clouds
Manicore,BR,-5.8092,-61.3003,26.13,76,100,1.32,overcast clouds
Requena,ES,39.4883,-1.1004,15.44,45,1,4.53,clear sky
Sobolevo,RU,54.4299,31.8996,-1.34,97,100,5.14,light snow
Biltine,TD,14.5333,20.9167,27.55,14,15,3.22,few clouds
Marzuq,YE,14.4,46.4667,18.72,61,15,4.32,few clouds
Batsfjord,NO,70.6345,29.7185,-3.04,86,20,9.77,few clouds
Tupik,RU,54.4253,119.9327,-32.19,97,98,0.84,overcast clouds
Hobyo,SO,5.3505,48.5268,25.64,73,0,8.23,clear sky
Lodja,CD,-3.4833,23.4333,21.86,95,100,1.11,overcast clouds
Toropets,RU,56.4978,31.6353,-0.21,97,100,4.29,overcast clouds
Gizo,SB,-8.103,156.8419,25.34,86,100,1.98,light rain
Audru,EE,58.4086,24.3739,3.31,93,100,9.77,overcast clouds
Oranjestad,AW,12.524,-70.027,25.99,82,11,7.74,few clouds
Sillamae,EE,59.3997,27.7547,2.58,93,100,7.9,overcast clouds
Praya,CV,14.9215,-23.5087,27.3,50,0,6.69,clear sky
Ulaanbaatar,MN,47.9077,106.8832,-35.93,61,0,1.0,clear sky
Dauriya,RU,49.9333,116.8667,-31.24,96,95,1.9,overcast clouds
Hofn,IS,64.2539,-15.2082,-6.33,69,78,10.31,broken clouds
Saint-Pierre,RE,-21.3393,55.4781,27.82,61,75,8.75,broken clouds
Ruteng,ID,-8.6136,120.4721,16.86,88,99,0.73,overcast clouds
Touros,BR,-5.1989,-35.4608,30.15,57,72,7.52,broken clouds
Buraydah,SA,26.326,43.975,20.71,54,90,3.09,overcast clouds
Nargana,PA,9.4428,-78.5906,26.45,81,99,6.7,light rain
Hostotipaquillo,MX,21.0667,-104.0667,19.18,25,0,1.51,clear sky
Mantua,IT,45.1667,10.7833,10.19,83,63,2.31,broken clouds
Cayenne,GF,4.9333,-52.3333,23.02,94,75,0.0,very heavy rain
Rongcheng,CN,30.634,117.8517,0.26,90,99,4.28,light snow
Spassk-Ryazanskiy,RU,54.4072,40.3806,-7.4,92,98,5.5,overcast clouds
Paciran,ID,-6.8767,112.3761,25.75,82,100,3.25,light rain
Diffa,NE,13.3154,12.6113,25.66,15,3,4.77,clear sky
Urengoy,RU,65.9667,78.3667,-30.08,99,62,2.77,broken clouds
Leeton,AU,-34.5667,146.4,22.72,41,64,4.56,broken clouds
Guanare,VE,9.0418,-69.7421,30.62,48,37,2.7,scattered clouds
Tarakan,ID,3.3,117.6333,27.33,76,100,1.59,overcast clouds
Thinadhoo,MV,0.5333,72.9333,26.78,68,77,5.1,broken clouds
Trat,TH,12.5,102.5,22.38,90,0,0.7,clear sky
Toora-Khem,RU,52.4675,96.11,-21.6,97,100,1.04,overcast clouds
Tottori,JP,35.5,134.2333,10.06,91,100,4.89,overcast clouds
Yakeshi,CN,49.2833,120.7333,-34.12,99,68,1.51,broken clouds
Tilichiki,RU,60.4667,166.1,-22.83,89,100,5.05,overcast clouds
Taikang,CN,46.8333,124.4167,-22.64,85,1,3.0,clear sky
Hami,CN,42.8,93.45,-12.88,41,29,0.57,scattered clouds
Port-Gentil,GA,-0.7193,8.7815,27.98,83,40,4.12,thunderstorm
Bluefields,NI,12.0137,-83.7635,26.12,71,49,5.24,scattered clouds
Daitari,IN,21.1,85.75,17.92,39,0,0.84,clear sky
Lewistown,US,40.5992,-77.5714,-0.42,84,100,3.6,overcast clouds
Warmbad,NA,-28.45,18.7333,40.8,7,0,5.24,clear sky
Ambulu,ID,-8.345,113.6058,24.78,89,100,0.95,overcast clouds
Isangel,VU,-19.55,169.2667,25.48,80,24,4.92,few clouds
Iwanai,JP,42.9744,140.5089,-3.56,83,100,2.01,overcast clouds
Avera,US,33.194,-82.5271,6.97,49,0,4.59,clear sky
Savinka,RU,50.0785,47.0994,-7.58,66,2,6.82,clear sky
Havelock,US,34.8791,-76.9013,4.99,72,100,2.68,overcast clouds
Hovd,MN,48.0056,91.6419,-20.88,74,74,0.88,broken clouds
Diapaga,BF,12.0708,1.7889,31.69,8,40,3.23,scattered clouds
Bahadurganj,IN,26.2667,87.8167,17.52,52,0,1.8,clear sky
Kargasok,RU,59.0556,80.8572,-9.63,95,100,2.75,light snow
Lagunillas,VE,10.1301,-71.2595,29.12,64,20,3.67,few clouds
Lubango,AO,-14.9172,13.4925,19.14,77,74,2.49,moderate rain
Gerash,IR,27.6652,54.1371,11.08,59,31,1.56,scattered clouds
Saint-Francois,FR,46.4154,3.9054,11.69,67,0,3.09,light rain
Jambi,ID,-1.6,103.6167,23.54,95,98,1.05,overcast clouds
Vestmannaeyjar,IS,63.4427,-20.2734,-2.45,80,20,3.09,few clouds
Villeta,CO,5.0089,-74.4723,29.34,85,95,0.99,overcast clouds
Canaries,ES,28.0,-15.5,18.98,64,20,6.17,few clouds
